ID,제목,내용,카테고리,서브카테고리,캠퍼스,등록자,등록일,수정자,수정일
academic_info_0,졸업요건,"졸업요건

1. 4년(8학기) 이상 등록(조기졸업 제외)
2. 최소 130학점 이상 취득(의학과 별도)
3. 각 학과(부)에서 정한 전공필수와 교양필수 모두 이수

① 단일전공 이수자
- 전공: 70학점(전공필수 포함) 이상 이수
- 교양: 30학점(교양필수 포함) 이상 이수
- 핵심영역 교양 교과목 이수

② 다전공 이수자(학부 소속의 경우)
- 전공: 주전공 42학점(전공필수, 전공기초 포함) 이상과 복수전공(제2전공, 제3전공), 부전공, 소단위전공 등에서 제시한 이수학점을 포함하여 70학점 이상 이수
- 교양: 30학점(교양필수 포함) 이상 이수
- 핵심영역 교양 교과목 이수

※ 의학과 및 간호학과는 별도로 정함
※ 핵심영역 교양 교과목 예외: 의과대학, 편입생

4. 4년 평점평균 1.75 이상
5. 졸업논문 심사 통과 또는 졸업종합시험 합격 (※ 세부사항은 소속 학과(전공)에 문의)
6. 졸업인증제 이수(통과) - 인증영역: 심폐소생술(필수), 사회봉사(필수), 외국어/정보처리/다전공 중 택1

담당부서: 교무지원팀 (031-740-7324)",학사안내,졸업,전체,Claude Upload Script,2026-02-09T11:25:33.683736+00:00,,
academic_info_1,학사학위취득유예,"학사학위취득유예

학사학위수여조건을 모두 충족한 자로 취업 등의 사유로 본인이 희망하는 경우 1년 이내의 범위 안에서 신청 가능

■ 신청기간: 별도 안내(홈페이지 – 대학생활 – 공지사항 – 학사)

■ 신청자격 및 유예기간
- 신청 자격: 8학기 이상 이수하고, 학칙 제36조의 학위수여조건(졸업요건)을 충족한 자. 학사학위취득유예신청으로 인하여 재학연한을 초과하지 않는 자
- 유예 기간: 1년 이내의 범위 안에서 가능(학기단위로 가능하며 최대 2회 신청 가능)
- 기타 사항: 학사학위취득유예기간 중 휴학 불가. 학생 본인 희망 시, 학점취득 및 재수강 가능
※ 학점 당 별도로 책정된 금액을 등록금으로 납부(단, 복수전공 이수를 위한 유예신청 시 등록금 전액 납부)

■ 신청 방법
을지대학교 교육정보전산시스템(https://eis.eu.ac.kr/nxui/index.html) 내 학생서비스-학부학사-졸업-학사학위취득유예 신청 메뉴를 통해 신청
(지도교수 승인 → 대학본부 최종 승인 후 결과 통보 예정)

■ 취소방법: 정해진 기간 내에 을지대학교 교육정보전산시스템 내 학사학위취득유예 취소신청을 통해 취소 가능

■ 유예신청 효과: 학적상태가 재학생(학사학위취득유예 학생)으로 구분되며, 졸업예정증명서 출력 가능

담당부서: 교무지원팀 (031-740-7324)",학사안내,졸업,전체,Claude Upload Script,2026-02-09T11:25:33.683736+00:00,,
academic_info_2,졸업연기,"졸업연기

졸업학점요건은 충족하였으나 졸업인증제, 졸업논문 및 졸업종합시험 등을 통과하지 못한 경우 재학연한 내 졸업연기 처리

담당부서: 교무지원팀 (031-740-7324)",학사안내,졸업,전체,Claude Upload Script,2026-02-09T11:25:33.683736+00:00,,
academic_info_3,졸업보류,"졸업보류

졸업학점요건 미충족자로 졸업불가, 학점이수 필수(등록금은 초과 학기 등록금 납부 규정에 따라 납부/등록금 미납 시 미등록 제적), 잔여 휴학 학기가 있을 경우 휴학 가능

담당부서: 교무지원팀 (031-740-7324)",학사안내,졸업,전체,Claude Upload Script,2026-02-09T11:25:33.683736+00:00,,
academic_info_4,수료,"수료

졸업연기 만료자(재학연한 이내 졸업인증제 또는 졸업논문 및 졸업종합시험 등을 통과하지 못한 자)

담당부서: 교무지원팀 (031-740-7324)",학사안내,졸업,전체,Claude Upload Script,2026-02-09T11:25:33.683736+00:00,,
academic_info_5,졸업인증제 안내,"졸업인증제 안내

■ 관련 규정
학칙 제36조(학위수여) 1항 4호 및 졸업인증제시행세칙에 따른다.
본 교에서 정한 졸업인증제 자격(과정)을 취득한 자(다만, 계약에 의한 학위과정생, 수업연한이 1년 이하로 제한된 편입생, 북한이탈주민전형입학생, 재외국민과 외국인전형입학생은 제외한다)

졸업인증제시행세칙 제2조(대상) 1항: 의학과를 제외한 모든 학생을 대상으로 한다.

■ 운영목표
- 보건의료자격 특화
- 교양과목 운영과 자격증 취득과의 연계
- 국제화 시대에 필요한 외국어 구사 능력 향상
- 디지털 시대의 정보처리능력 향상
- 우수한 융복합형 인재 양성
- 학생의 전공선택권 확대 및 사회요구에 따른 창의융합 인재 양성

■ 적용대상 및 인증범위
- 적용대상: 2008학년도 신·편입생부터 적용(정원 외 편입학자, 구 서울보건대학 편입생을 포함)
- 비대상: 의예과 및 의학과, 4학년 편입생, 북한이탈주민입학생, 재외국민과 외국인전형 입학생, 계약에 의한 학위과정생
- 졸업인증제 범위: 2024년 8월 이후 졸업대상자부터 변경된 범위 적용

■ 졸업인증제 범위 (2024년 8월 이후)
심폐소생술: 필수
사회봉사: 필수
외국어, 정보처리, 다전공: 필수(택1)

■ 인증영역
- 사회봉사 분야: 사회봉사 교과목을 이수하거나 사회봉사 활동의 이수를 인정받은 자
- 심폐소생술 분야: 정규교육과정, 계절학기에서 심폐소생술 교과목을 이수한 후 공인기관(대한응급구조사협회)에서 발급하는 심폐소생술자격증 또는 본교에서 수여하는 수료증 취득자
- 외국어 분야: 영어, 일본어, 중국어, 한자 중 택1
- 정보처리 분야: 국가공인자격7종, 민간자격 6종 중 택1 취득자
- 다전공 분야: 복수전공(제2전공, 제3전공) 및 부전공 학위 취득자

■ 취득 인정시기
- 사회봉사분야: 본 대학에 신(편)입학한 이후부터의 활동에 대해 인정
- 심폐소생술분야: 본 대학에 신(편)입학한 이후부터 취득한 공인기관 자격증 또는 본교 수료증 인정
- 외국어분야: 제출 시점에서 2년 이내 응시한 공인어학능력시험만 인정. 단, 한자능력 검증시험 및 2014학년도 입학자부터 입학 후 응시한 시험을 인정
- 정보처리분야: 취득 인정시기 제한없음
- 다전공분야: 본 대학의 교육과정 이수

■ 졸업인증제 관련 서류 제출 시기: 졸업직전학기 말(6월 말 / 12월 말)

담당부서: 교무지원팀 (031-740-7324)",학사안내,졸업인증제,전체,Claude Upload Script,2026-02-09T11:25:33.683736+00:00,,
academic_info_6,졸업인증제 - 사회봉사,"졸업인증제 사회봉사 분야

■ 목적
- 을지대학 한마음 봉사단을 운영하여 보건의료 특화대학의 인간사랑을 실천하며 생명존중의 정신을 함양
- 학과별로 전문성과 자율성을 바탕으로 다양한 분야의 활동을 영역별로 실천함으로서 대외적으로 대학의 이미지 개선과 홍보에 기여
- 학생봉사실천으로 학생들의 전공관련 실무능력을 체득하고 을지대학교 학생으로서 졸업인증요건을 갖춤

■ 인증기준
- 방침: 사회봉사(1학점2시간) 교과목을 수강하여 인증여부를 평가
- 교과목의 담당교수는 학과(전공)별 학생 지도교수로 선정
- 교육과정은 총 32시간으로 기초사전교육 4시간, 담당교수 OT 2시간, 사회봉사 22시간, 평가 4시간으로 구성
- 성적평가는 P(PASS) 또는 NP(NON PASS)로 처리

■ NP 처리 사유
- 기본 교육이론에 불참한 경우
- 봉사시간이 학점 기준시간 미만인 경우
- 제출서류(활동보고서, 활동확인서, 봉사일지 등)를 제출하지 않는 경우
- 실습기관의 실습담당자가 NP로 처리한 경우

■ 진행절차
1. 사회봉사 교과목 인터넷 수강신청
2. 사전 봉사활동 이론 교육(6시간) 이수: 전문강사진에 의한 기초사전 교육 4시간 + 지도교수 OT 2시간
3. 봉사활동 22시간 실시
4. 활동보고서, 활동확인서, 봉사일지 제출 및 평가발표 실시(4시간)
5. 사회봉사 교과목 성적 PASS를 받은 경우 졸업인증제 이수처리
6. 미취득자(NP)는 재수강 신청을 통하여 재인증 필수

■ 봉사활동 인정범위
- 본 대학에 신(편)입학한 이후 진행한 봉사활동에 한하여 인정
- 대학본부차원에서 진행하는 거시적 연합봉사
- 이해관계를 배제한 순수 봉사 목적의 활동
- 전공과 연계한 봉사활동
- 긴급재난 등 사고현장에서의 봉사활동
- 해외에서 이루어진 봉사활동
- 학생자치기구 및 동아리활동을 통한 봉사활동
- 헌혈에 의한 봉사활동은 학생 1인당 1건 4시간, 최대 2건만 인정(총 8시간 인정)
- 우수작품 프로그램 응모에 의한 봉사활동지원
- 군복무 중 봉사활동

담당부서: 교무지원팀 (031-740-7324)",학사안내,졸업인증제,전체,Claude Upload Script,2026-02-09T11:25:33.683736+00:00,,
academic_info_7,졸업인증제 - 심폐소생술,"졸업인증제 심폐소생술 분야

■ 목적
- 보건의료특성화 대학으로서의 위상 정립
- 심폐소생술 자격 교육과정을 통하여 보건의료 특화대학으로서 건학이념인 인간사랑·생명존중 실현적 교육과정 운영
- 심폐소생술을 직접 실시할 수 있음으로써 지역사회 응급의료체계 활성화 촉진
- 본교 재학생들에게 건강의식 확산과 심정지 환자에 대한 응급처치법을 체득하도록 함

■ 인증기준
- 방침: 심폐소생술(1학점 1시간) 교과목 수강과 자격증 취득으로 인증여부를 평가
- 자격증: 본 대학에 신(편)입 이후, 본교에서 수여한 수료증 또는 공인기관(대한응급구조사협의회)에서 취득한 심폐소생술자격증(유효기간 3년)
- 교육과정은 총 15시간으로 이론 및 실기, 심폐소생술 자격시험으로 구성
- 성적평가는 P(PASS) 또는 NP(NON PASS)로 처리

■ 진행절차
1. 심폐소생술 교과목 인터넷 수강신청
2. 심폐소생술 이론 교육(6시간) + 실기 교육(6시간) 이수 후, 평가(3시간) 진행
3. 심폐소생술 교과목 성적 PASS를 받은 경우 졸업인증제 이수처리
4. 미취득자(NP)는 재수강 신청을 통하여 재인증 필수

■ 심폐소생술 인정수준
- 1인 성인 심폐소생술 및 기도폐쇄처치 실시 가능
- 1인 소아 심폐소생술 및 기도폐쇄처치 실시 가능
- 1인 영아 심폐소생술 및 기도폐쇄처치 실시 가능
- 기타 기본 응급처치술 실시 가능

담당부서: 교무지원팀 (031-740-7324)",학사안내,졸업인증제,전체,Claude Upload Script,2026-02-09T11:25:33.683736+00:00,,
academic_info_8,졸업인증제 - 외국어,"졸업인증제 외국어 분야

■ 목적
21세기 국제화·세계화 시대를 맞아 대학의 경쟁력 강화 및 학생들의 취업기회 확대를 위한 학생들의 외국어 능력 향상

■ 인증영역: 영어, 한자, 일본어, 중국어 중 택1

■ 인증방법
- 외국어 공인시험에 응시하여 학과별(학부별)로 정한 일정 점수 이상 취득한 자
- 제출 시점에서 2년 이내 응시한 공인어학능력시험으로 반드시 입학 후 응시한 시험을 인정
- 단, 한자능력검증시험 및 2014학년도 입학생부터는 입학 후 응시한 시험을 인정

■ 인증대상시험 및 인정기준
1) 영어: TOEIC을 원칙으로 하고 TOEFL(IBT), TEPS 등을 TOEIC에 대응한 점수
2) 한자: 한자능력검증시험 3급 이상
3) 일본어: JPT 550점 이상 혹은 JLPT 구제도2급·신제도N2 이상
4) 중국어: 新HSK 3급 240점·新HSK 4급 180점 이상

■ 영어 대체시험 인정점수 (TOEIC 기준)
- TOEIC 550: TEPS 436, NEW TEPS 233, TOEIC Speaking 120점 이상(2022년 6월 이후 IM LOW 이상)
- TOEIC 600: TOEFL(iBT) 57, TEPS 476, NEW TEPS 255
- TOEIC 650: TOEFL(iBT) 73, TEPS 521, NEW TEPS 281, G-TELP Level2 56
- TOEIC 700: TOEFL(iBT) 82, TEPS 572, NEW TEPS 309, G-TELP Level2 63
- OPIc IM LOW 이상

■ 한자 인정 자격종목
한자능력검정시험(한국어문회), 한자자격검정(한자교육진흥회), 실용한자(한국외국어평가원), 한국한자검정(한국평생교육평가원), 한자급수자격검정(대한검정회), 한자능력자격검정(한국한자한문능력개발원), 상공회의소한자(대한상공회의소), 한자급수인증시험(한국교육문화원), 한자어능력검정(한국정보관리협회)
각 자격종목별 3급 이상 (단, 한자어능력검정(한국정보관리협회) 2급 이상)

■ 2025학년도 이후 입학생 학과별 TOEIC 인증점수
- 간호학과(성남/의정부): 600
- 임상병리학과(성남/의정부): 700
- 안경광학과: 650
- 응급구조학과: 600
- 방사선학과: 650
- 치위생학과: 600
- 물리치료학과: 600
- 의료경영학과: 650
- 빅데이터인공지능전공: 600
- 식품영양전공: 600
- 식품생명공학전공: 600
- 안전공학전공: 600
- 화장품과학전공: 600
- 의료공학전공: 600
- 레저산업전공: 600
- 뷰티아트전공: 600
- 시각디자인전공: 550
- 사회복지전공: 600
- 중독상담전공: 600
- 아동청소년상담전공: 600
- 장례산업전공: 550
※ 자유전공학부(의정부)는 졸업학기 주전공(제1전공)의 TOEIC 인정점수로 인증

■ 대체 인증
- 국제교류팀에서 45시간 이상의 외국어교육과정을 수강하고, 80% 이상 출석 및 교육과정 시험에 통과한 자
- 본교와 자매결연을 체결한 해외대학에서 1학기 이상 교환학생 및 어학연수 과정을 이수한 자

담당부서: 교무지원팀 (031-740-7324)",학사안내,졸업인증제,전체,Claude Upload Script,2026-02-09T11:25:33.683736+00:00,,
academic_info_9,졸업인증제 - 정보처리,"졸업인증제 정보처리 분야

■ 목적
대학 졸업생의 사회적 경쟁력을 높이고, 정보화 시대에 필수적인 컴퓨터 및 정보처리 능력향상

■ 인증방법
- 본교에서 인정하는 정보처리 관련 국가공인 자격증 및 민간자격증을 학생 개인이 취득하여 인증
- 자격증 취득 인정 시기 제한없음

■ 인증 자격증

국가공인자격:
- 정보처리기사, 정보처리산업기사
- 정보통신기사, 정보통신산업기사
- 사무자동화산업기사, 워드프로세서 1급
- 컴퓨터활용능력 2급 이상

민간자격:
- 프리젠테이션 2급 이상
- 전자상거래운용사
- 정보기술자격(ITQ)시험 A등급 중 1과목 (아래한글, 한글엑셀, 한글파워포인트, ms워드, 인터넷, 한글엑세스, 한셀, 한쇼)
- 마이크로소프트 오피스 스페셜리스트(MOS) 중 1과목 (Word, Excel, Powerpoint, Access, Outlook)
- 데이터분석준전문가(ADsP)
- 기초사무능력

담당부서: 교무지원팀 (031-740-7453)",학사안내,졸업인증제,전체,Claude Upload Script,2026-02-09T11:25:33.683736+00:00,,
academic_info_10,졸업인증제 - 다전공,"졸업인증제 다전공 분야

■ 목적
- 사회에서 요구하는 다양한 능력을 보유한 우수한 융복합형 인재양성
- 학생들의 진로탐색 및 전공 선택을 기본으로 다양한 학위 취득
- 다양한 학위 취득으로 취업 경쟁력 강화

■ 인증영역: 주전공(제1전공)을 제외한 복수전공(제2전공, 제3전공), 부전공

■ 인증방법
- 재학 기간 중 교내 교육과정을 통하여 주전공(제1전공)을 포함하여 복수전공(제2전공, 제3전공), 부전공을 취득한 자
- 학부제 소속 학생으로 졸업직전학기까지 다전공 이수자에 한하여 인정

■ 이수학점
- 주전공(제1전공): 42학점
- 복수전공 제2전공: 36학점
- 복수전공 제3전공: 36학점
- 부전공: 21학점

담당부서: 교무지원팀 (031-740-7453)",학사안내,졸업인증제,전체,Claude Upload Script,2026-02-09T11:25:33.683736+00:00,,
academic_info_11,다전공 (주전공/복수전공/부전공),"다전공 (주전공/복수전공/부전공)

■ 관련 규정
학칙 제37조의5(전공의 이수) 및 다전공설치및운영에관한규정에 따른다.
- 학생은 소속 학과(학부) 내에서 반드시 하나의 전공을 주전공(제1전공)으로 이수하여야 한다.
- 학생은 주전공(제1전공) 외에 학부간, 학제간, 캠퍼스간 전공을 추가로 이수할 수 있다.
- 다전공 이수 희망자는 본교의 모든 대학 전 학과(전공)에서 주전공, 복수전공, 부전공을 선택하여 이수할 수 있다. 다만, 의예과 및 의학과, 보건의료계열, 사범계 관련학과는 제외한다.

■ 운영목표
- 학문분야 간 학문의 벽을 낮추고, 전공 간의 유기적 연계를 통한 대학교육의 질 고도화
- 학생들의 진로탐색 및 전공 선택을 기반으로 2개 이상의 다양한 학위 취득
- 사회에서 요구하는 우수한 융복합형 인재 양성
- 다양한 학위 취득으로 취업 경쟁력 강화

■ 다전공 이수체계
※ 바이오공학부, 스마트의료정보학부, 휴먼서비스학부 재학생은 입학 당시 소속 학부 내에서만 주전공(제1전공) 선택 가능
※ 첨단학부, 자연계열학부, 인문사회계열학부 학생은 입학 당시 소속 학부 내에서만 주전공(제1전공) 선택 가능
※ 자유전공학부제 입학생은 첨단학부, 자연계열학부, 인문사회계열학부에서 주전공(제1전공)을 자유롭게 선택 가능

■ 전공이수 방법
1) 단일전공: 주전공(제1전공) 70학점(전공기초+전공필수+전공선택 포함) 이상 이수
※ 자유전공학부는 학부제한 없이 주전공(제1전공) 선택 가능

2) 다전공: 주전공(제1전공) 외 본인 소속 학부 또는 타 학부(전공)을 동시에 이수하여 복수학위 취득
- 주전공(제1전공) 42학점(전공기초+전공필수 포함), 제2전공 36학점 이수
- 주전공(제1전공) 42학점(전공기초+전공필수 포함), 제2전공 36학점 이수, 제3전공 36학점 이수
- 주전공(제1전공) 70학점(전공기초+전공필수 포함), 부전공 21학점 이수

담당부서: 교무지원팀 (031-740-7313)",학사안내,다전공,전체,Claude Upload Script,2026-02-09T11:25:33.683736+00:00,,
academic_info_12,창의융복합교육과정 - 웰니스교육과정,"창의융복합교육과정 - 웰니스교육과정

■ 관련규정: 융복합전공에관한시행세칙

■ 웰니스교육과정이란?
융합, 협업, 네트워크 시대에 부응하는 웰니스 기반 창의 융·복합 전문인재 양성을 위해 EU-컨버전스센터의 MI(Medical Industry)스튜디오, VR(Virtual Reality)호스피탈, LH(Local Health)스타디움과 연계한 교육과정

■ 필요성: 지역사회 경험학습형, 사회공헌형, 현장실무형 창의 융·복합 교육과정을 통한 사회적 가치실현

■ 개설현황

1) 기능성바이오소재전공
참여학과: 식품산업외식학과, 미용화장품과학과, 식품영양학과
교과목: 바이오기능성소재의 탐색과 활용, 맞춤형화장품 제조와 개발 실무, 기능성소재의 비임상평가, 기능소재의 임상평가, 기능식품 제조와 품질관리, 기능성화장품 조제관리와 효능평가, 캡스톤디자인

2) 시니어웰리빙전공
참여학과: 장례지도학과, 식품산업외식학과, 미용화장품과학과
교과목: 상품개발학 및 실습, 시니어 창업학, 서비스 마케팅, 서비스 경영학, 서비스 커뮤니케이션, 시니어 식문화, 소독과 감염병학

3) 방사선의공학전공
참여학과: 의료공학과, 방사선학과
교과목: 디지털의료영상 소프트웨어 공학, 중재방사선 의료기기, 방사선물리학, 인공지능 의료영상학, 방사선생물학및화학, 초음파영상진단장치 운용 기술, 광 융합 방사선 계측 기술

4) 지능형안전환경 데이터분석전공
참여학과: 의료IT학과, 보건환경안전학과
교과목: 파이썬 프로그래밍, 인공지능기반의 헬스케어, 실감형 UI/UX 디자인, 머신러닝 기초, 환경안전 기반 창의 공학, 데이터분석 및 시각화, 인간공학과 스마트안전시스템

5) 예술치료상담전공
참여학과: 중독재활복지학과, 유아교육학과, 아동학과
교과목: 예술치료와인간발달, 예술치료상담개론, 아동청소년미술치료상담, 미술치료상담이론과실제, 예술치료와정신건강실제, 정신병리의이해, 미술치료기법연구및실습

6) 인공지능기반 빅데이터전공 (2024학년도부터 운영)
참여학과: 의료IT학과, 의료경영학과
교과목: 의료인공지능기반데이터프로세싱, 디지털공학 실무과정, S/W 공학, 데이터베이스, 데이터마이닝, EMR.OCS 실무과정, 보건의료빅데이터분석

■ 교과목 확인방법: 수강신청 시 공지사항에서 해당 학기 개설 교과목 확인. 강의계획서 내 ""융복합(웰니스교육과정)"" 표기 확인

담당부서: 교무지원팀 (031-740-7313)",학사안내,창의융복합교육과정,전체,Claude Upload Script,2026-02-09T11:25:33.683736+00:00,,
academic_info_13,소단위전공 (마이크로/나노 디그리),"소단위전공

■ 정의
소단위전공 교육과정은 융복합 사고능력의 함양과 산업수요에 맞는 단기성 교육과정으로 마이크로(Micro) 교육과정과 나노(Nano) 교육과정으로 구분한다.

■ 마이크로(Micro) 교육과정
- 학문간 융복합 사고능력 함양을 위한 단기간 교육과정
- 2인 이상의 전임교원들이 참여
- 최소 9학점 이상으로 구성하고 3과목 이상의 교과목으로 과정을 편성

■ 나노(Nano) 교육과정
- 시대요구에 부응하는 전공능력의 심화를 달성하기 위한 초단기간 교육과정
- 1인 이상의 전임교원이 참여
- 최소 3학점 이상으로 구성하고 2과목 이상의 교과목으로 과정을 편성

■ 소단위전공 확인
교육정보전산시스템(EIS) 또는 대학 공지사항에서 마이크로디그리/나노디그리 과정 확인 가능

담당부서: 교무지원팀 (031-740-7324)",학사안내,소단위전공,전체,Claude Upload Script,2026-02-09T11:25:33.683736+00:00,,
academic_info_14,집중이수제,"집중이수제

■ 관련규정: 집중이수및유연학기제시행세칙

■ 집중이수제란?
- 획일적 학사제도에서 벗어난 탄력적 학사운영을 특별 교육과정
- 다양한 교육목적을 위하여 학과별 및 학년별 학기가 달리 운영되는 제도
- 학점당 15시간 이상의 이수시간을 단축하여 수업일수가 단축되는 제도
- 일부 교과의 수업일수를 단축 혹은 시기를 변형하여 운영하는 제도
- 현장실습, 조기취업, 국가시험 참여 등 다양한 교육 목적으로 적용, 운영가능

■ 운영목표: 4차 산업혁명을 주도할 창의혁신인재 양성

■ 집중이수제 세부 모델
1. 교내집중형: 이론 및 실습 등 교내 수업으로 구성
2. 현장집중형: 외부 현장실습으로 구성
3. 교내현장혼합형: 교내 수업과 외부 현장실습 혼합 구성

■ 집중이수제 교과목 확인방법: 강의계획서 내 ""학사제도유형"" 확인

담당부서: 교무지원팀 (031-740-7453)",학사안내,집중이수제,전체,Claude Upload Script,2026-02-09T11:25:33.683736+00:00,,
academic_info_15,소속변경 (전과/전부),"소속변경 (전과/전부)

■ 관련규정: 소속변경(전과/전부) 학칙시행세칙

■ 정의
소속변경이라 함은 입학한 학과(부)의 전공(제1전공)에서 다른 전공(제2전공)으로 소속을 변경하는 것을 말하며 대학 내에서 이루어질 수 있다.

■ 소속변경(전과/전부) 가능학과
※ 의예과, 의학과 소속은 전출입 모두 불가
※ 캠퍼스간 동일학과로의 전과/전부는 불가
※ 소속변경 제한 규정이 있는 전형으로 입학한자 불가
※ 2022학년도부터 시행

■ 신청 시기
소속변경 희망자는 신청 직전학기 기말고사 후 지정된 기간 내에 지원서 및 학업계획서를 제1전공과 제2전공의 학과(부)장을 경유하여 교무처에 제출
매 학기말 별도의 기간을 안내 공지

■ 신청 자격
1학년 과정 이상을 수료한 자로서, 제1전공 1학년 필수과목을 1학년 재학시 모두 이수하고, 성적 평점 평균이 2.0 이상이며, 등록학기수가 6학기(유급학기 제외)를 초과하지 않은 자로 1회에 한하여 소속변경을 할 수 있다.

■ 신청 인원 및 허가
- 신청인원에 제한은 없으며, 소속변경학과의 결원인원 범위내에서 입학정원을 초과할 수 없다.
- 소속변경 대상자는 학과별 기준에 따라 선발하며, 구체적인 학과별 선별기준(입학성적, 제1전공 성적, 기타 서류심사, 면접심사 등)은 별도로 정한다.

담당부서: 교무지원팀 (031-740-7453)",학사안내,소속변경,전체,Claude Upload Script,2026-02-09T11:25:33.683736+00:00,,
academic_info_16,장학금 안내,"장학금 안내

■ 장학금 신청 및 수혜확인
교내장학금, 국가장학금 I·II, 국가근로 등에 대한 안내는 학생지원팀에 문의하시기 바랍니다.

■ 교내장학금
교내장학금은 학생지원팀에서 관리하며, 학기별 공지사항을 통해 안내됩니다.

■ 국가장학금 I·II
한국장학재단(www.kosaf.go.kr)을 통해 신청 가능합니다.

■ 국가근로장학금
한국장학재단을 통해 신청하며, 교내 및 교외 근로 가능합니다.

담당부서: 학생지원팀 (031-740-7545)",학사안내,장학정보,전체,Claude Upload Script,2026-02-09T11:25:33.683736+00:00,,
academic_info_17,증명서 발급 안내,"증명서발급 안내

대전캠퍼스, 성남캠퍼스, 의정부캠퍼스 동일하게 진행됩니다.

■ 1. 인터넷 증명 발급
- 발급대상: 졸업 및 재학생, 대학원생, 교직원
- 증명서종류:
  1) 졸업생: 졸업증명서, 성적증명서
  2) 재학생: 재학증명서, 재적증명서, 휴학증명서, 수료증명서, 수료예정증명서, 졸업예정증명서, 성적증명서, 교육비납입증명서(무료)
  3) 대학원생: 재학증명서, 재적증명서, 휴학증명서, 수료증명서, 수료예정증명서, 졸업예정증명서, 성적증명서, 교육비납입증명서(무료)
  4) 교직원: 경력증명서, 재직증명서, 출강증명서
- 발급장소: 국내외 인터넷이 가능한 모든 장소
- 발급방법:
  1) 인터넷증명발급(https://eu.certpia.com) 홈페이지 접속
  2) 로그인 or 비회원로그인
  3) 증명서발급 클릭
  4) 발급구분 선택 (전자증명서(PDF) or 출력)
  5) 증명서 선택 및 신청내역 확인
  6) 결제 후 증명서 발급 (신용카드, 핸드폰, 페이코, 네이버페이, 카카오페이)
- 발급비용:
  PDF: 증명수수료(건당 500원) + 대행료(1,000원) + 전자증명서생성료(2,000원)
  출력: 증명수수료(건당 500원) + 대행료(1,000원, 추가 1통당 500원)

■ 2. 무인 증명 발급
- 설치장소:
  대전캠퍼스: 범석관 1층
  성남캠퍼스: 뉴밀레니엄센터 1층 입구, 창의관 3층 취업지원센터 앞
  의정부캠퍼스: 일현관 1층 로비
- 결제방법: 신용카드, 체크카드, 핸드폰
- 발급비용: 창구발급과 동일

■ 3. 창구 발급: 본관 106호

■ 4. FAX 민원 신청 발급
- 오프라인 신청: 읍, 면, 동사무소, 구청 등 방문하여 FAX 민원신청
- 온라인 신청: 민원24 홈페이지 → 증명서 신청 → 교부(해당 주민센터 방문)

■ 5. 인터넷 우편 발급
졸업생 및 재적생이 인터넷으로 증명서를 신청하고 종합서비스센터에서 증명서를 발급하여 우편으로 받아보실 수 있는 서비스
- 국내: 수수료 입금 확인 후 빠른등기로 발송 (3~5일 소요, 우편물 발송일은 목요일 오전)
- 국외: 인터넷 증명발급 사이트(https://eu.certpia.com)에서 해외우편 신청
  발급비용: 증명서 1통당 500원 + 해외 배송 비용
  영문이름 등록 또는 변경을 희망하는 경우 종합서비스센터(031-740-7300)로 문의

담당부서: 교무지원팀 (031-740-7300)",학사안내,증명발급,전체,Claude Upload Script,2026-02-09T11:25:33.683736+00:00,,
academic_info_18,병무 안내,"병무 안내

■ 입영연기 및 입영안내

연기대상: 대학교 이상의 학교에 재학하고 있는 학생으로서, 제한 연령내에 졸업이 가능한 학생은 본인의 연기원서 출원 없이 징병검사 당시 주소지 관할 지방병무청장 직권으로 연기 처리된다.

■ 학교별 제한연령
- 4년제 대학: 24세
- 5년제 대학: 25세
- 6년제 대학: 26세
- 의,치,수의,한의과: 27세
- 대학원 2년제: 26세
- 대학원 2년초과 학제: 27세
- 박사과정: 28세
- 의,치,수의,한의과 대학원: 28세

■ 연기절차
학교의 장이 송부한 학적 보유자 명부에 의하여 제한 연령 내에 졸업이 가능한 사람은 본인의 출원 없이 직권 연기 처리됨
- 징병검사 대상자: 전원 징병검사 후 연기 처리
- 징병검사를 받은 자: 졸업 시까지 입영 또는 소집을 연기

■ 재학생 입영 신청
- 대상: 재학사유로(휴학자 포함) 입영연기 중인 학생
- 신청방법: 재학생입영(소집)월을 입영희망일 2개월 이전에 지방병무청 민원실에 제출하거나 인터넷으로 신청
  (병무청홈페이지 http://www.mma.go.kr → 전자민원창구 → 재학생 입영신청)
- 입영일자/부대 본인선택: 인터넷으로 신청 가능
- 병무자동안내: 1588-9090

■ 학적변동처리
- 학기초 학적이 변동된 학생(자퇴, 제적)은 학교의 장이 14일 이내에 본적지 지방병무청장에게 통보
- 제한연령 이내에 졸업이 불가능한 일반 휴학생은 징병검사를 받은 후 군 충원계획에 따라 입영하게 된다.

■ 병무행정안내
기타 자세한 내용은 병역이행 네비게이션이나 병무청 홈페이지(http://www.mma.go.kr)를 확인

담당부서: 예비군대대 (031-740-7222)",학사안내,병무,전체,Claude Upload Script,2026-02-09T11:25:33.683736+00:00,,
academic_info_19,교육과정 (학과별 전공 교육과정 로드맵),"교육과정 - 학과별 전공 교육과정 로드맵

■ 간호대학
- 간호학과(성남)
- 간호학과(의정부)

■ 보건과학대학
- 임상병리학과(성남), 임상병리학과(의정부)
- 안경광학과, 응급구조학과, 방사선학과, 치위생학과, 물리치료학과
- 의료경영학과(25학번)

■ 바이오융합대학
- 식품영양학과, 식품산업외식학과, 보건환경안전학과, 의료IT학과
- 빅데이터의료융합학과, 의료공학과, 미용화장품과학과, 의료경영학과
- 의료홍보디자인학과, 장례지도학과, 스포츠아웃도어학과, 중독재활복지학과
- 유아교육학과, 아동학과

■ 미래융합대학 (24학번)
바이오공학부: 식품영양전공, 식품생명공학전공, 안전공학전공, 화장품과학전공
스마트의료정보학부: 의료공학전공, 빅데이터인공지능전공, 의료경영전공
휴먼서비스학부: 레저산업전공, 뷰티아트전공, 시각디자인전공, 장례산업전공, 중독상담전공, 사회복지전공, 아동청소년상담전공

■ 자유전공, 첨단, 자연, 인문학부 (25학번)
첨단학부: 빅데이터인공지능전공, 글로벌빅데이터AI학과
자연계열학부: 식품영양전공, 식품생명공학전공, 안전공학전공, 화장품과학전공, 의료공학전공
인문사회계열학부: 레저산업전공, 뷰티아트전공, 시각디자인전공, 사회복지전공, 아동청소년상담전공, 중독상담전공, 장례산업전공
자유전공학부: 자유전공학부 의정부캠퍼스

각 학과별 상세 교육과정 로드맵은 해당 학과 페이지에서 확인 가능합니다.",학사안내,교육과정,전체,Claude Upload Script,2026-02-09T11:25:33.683736+00:00,,